feature,coefficient
area,519552.4163399874
bedrooms,57349.559418618446
bathrooms,521879.0277480518
stories,349251.4389055734
mainroad,128498.62821471786
guestroom,88768.66768638398
basement,187067.8032138789
hotwaterheating,149862.70299084796
airconditioning,365157.39385091024
parking,192005.95366748667
prefarea,266656.351993303
furnishingstatus_semi-furnished,-62837.321864931204
furnishingstatus_unfurnished,-192015.9179822128
